,Hindustan Petroleum Corporation Limited,,,,,,,
,HPCL - Administrative Offices,,,,,,,
,Location Name,Address,Phone No. 1,Phone No. 2,Email,,,
,Dhanbad Retail RO,"HPCL, Dhandbad Retail Office, Behind SSLNT College, Lubi Circular Road, Dhanbad - 826001",-9341399752,-8928378975,dhnbd.retrm@hpcl.in,,,
,Nizamabad Retail RO,"H. No. 6-2-151/1, First Floor, Ram Mandir Lane, Subash Nagar, Nizamabad, Telangana - 503002",-9652098775,-8591984960,niza.retrm@hpcl.in,,,
,Bareilly Retail RO,"HPCL, Mahalaxmi Tower, 112, Civil Lines, Bareilly, Bareilly, Uttar Pradesh - 243001",-2973361,-8655436610,brly.retrm@hpcl.in,,,
,Prayagraj Retail RO,"HPCL, FN - 102, Mahalakshmi Enclave Officers Colony, Stanley Road, Prayagraj, Uttar Pradesh - 211001",-9669659997,-8655436500,pryj.retrm@hpcl.in,,,
,Chandigarh Retail RO,"HPCL, Chandigarh Retail RO, Tel Bhawan, Plot No. 6A, Madhya Marg, Sector 19B, Chandigarh - 160019",-2754081,-8655436670,subodhc@hpcl.in,,,
,Delhi Retail RO,"HPCL, Delhi Retail RO, 3rd Floor, UCO Bank Building, 5, Sansad Marg, New Delhi - 110001",-22408371,-8655436660,del.retrm@hpcl.in,,,
,Gurgaon Retail Region,"HPCL Gurgaon Retail Region, 1st Floor, Silverton Tower Golf Course Extension Road, Sector-50, Gurugram, Haryana - 122001",-4206034,-8655436320,ggn.retrm@hpcl.in,,,
,Hisar Retail RO,"HPCL - Hisar Retail RO, 2nd Floor, S.J. Towers, Sector-13, Tosham Road, Hisar, Haryana - 125005",-283982,-8655436260,hisr.tmlic@hpcl.in,,,
,Panipat Retail RO,"HPCL, Panipat Retail RO, E-22, Industrial Area, Court Road, Panipat, Haryana - 132103",-2681417,-8591947813,panipat.retrm@hpcl.in,,,
,Shimla Retail RO,"HPCL, Shimla Retail RO, Hameer House, 3rd Floor, Lower Chakkar, Shimla, Himachal Pradesh - 171005",-2633927,-8655436510,shml.retrm@hpcl.in,,,
,Jammu Retail RO,"HPCL JK Retail RO, Opposite Asia Hotel, Gandhinagar, Jammu, Jammu & Kashmir - 180004",-2431928,-8655436180,jammu.retrm@hpcl.in,,,
,Bathinda Retail RO,"HPCL, Bathinda Retail RO, HP Bhawan, Urban Estate, Phase-II, Part-II , Bathinda, Punjab - 151001",-2240084,-8655436600,bhatinda.retrm@hpcl.in,,,
,Jalandhar Retail RO,"HPCL, Jalandhar Retail RO, Suchipind, GT Road, Bypass, Jalandhar, Punjab - 144009",-2421859,-8655436110,jal.retrm@hpcl.in,,,
,Cuddapah Retail RO,"HPCL, Kadapa Retail RO, 2nd Floor, Chengalva Towers, APSARA, RTC Bus Stand Road, YSR Kadapa - 516002",-85636982,-9989155352,kada.retrm@hpcl.in,,,
,Nellore Retail RO,"HPCL, Nellore Retail RO, D.No. 16-15-986-2, AARVEE House, Near Krishna Mandiram, Children's Park Road, Nellore - 524002",-86108972,-8356844580,nell.retrm@hpcl.in,,,
,Vijayawada Retail RO,"HPCL, Vijayawada Retail RO, Near Sai Baba Temple, Tadepalli, Guntur, Tadepalli, Andhra Pradesh - 522501",-281055,-9321707431,vija.retrm@hpcl.in,,,
,Visakh Retail RO,"HPCL, Visakh Retail RO, Petronilayam, Opp. AU IN Gate, Visakhapatnam, Andhra Pradesh - 530003",-2851111,-8591943530,vskp.retrm@hpcl.in,,,
,Bangalore Retail RO,"HPCL, Bangalore Retail RO, No. 77, Old Madras Road, Dooravani Nagar P.O, K.R Puram, Bangalore, Karnataka - 560016",-28530529,-9702093060,blr.retrm@hpcl.in,,,
,Belgaum Retail RO,"HPCL, Belgaum Retail RO, Rani Chennama Nagar, Sambhaji Road, Belgaum, Karnataka - 590006",-2440932,-9594723780,belg.retrm@hpcl.in,,,
,Bellary Retail RO,"HPCL, Bellary Retail RO, 1st Floor, 2nd Floor, SLV Gurudutta Tower, 3rd Cross, Gandhi Nagar, Bellary, Karnataka - 583103",-266077,-9594723790,blry.retrm@hpcl.in,,,
,Mangalore Retail RO,"HPCL, Mangalore Retail RO, 1st Floor, Deo Gratias Building, Chilimbi, Urva Stores, Dakshina Kannada, Mangalore - 575006",-2452300,-9594723810,mang.retrm@hpcl.in,,,
,Secunderabad Retail RO,"HPCL, Secunderabad Retail RO, 130/1, Sebastian Street, S.D. Road, Secunderabad, Telangana - 500003",-27778464,-8356843860,secu.retrm@hpcl.in,,,
,Warangal Retail RO,"HPCL, H. No. 24729, 2nd Floor, Fathima Complex, Fathima Nagar, Warangal, Telangana - 506003",-2464094,-8356843310,wara.retrm@hpcl.in,,,
,Vasco Retail RO,"HPCL, Vasco Retail RO, F.L. Gomes Road P.B. No. 48, Vasco da Gama, South Goa, Vasco, Goa - 403802",-2513774,-9702092900,vasco.retrm@hpcl.in,,,
,Bhopal Retail RO,"HPCL, Bhopal Retail RO, Gautam Nagar P.O. Govindpura, Bhopal, Madhya Pradesh - 462023",-4274685,-8591947811,bhop.retrm@hpcl.in,,,
,Indore Retail RO,"HPCL, Indore Retail RO, Ground Floor, Kapas Bhawan, 27A, Race Course Road, Indore, Madhya Pradesh - 452001",-2438444,-9321265840,indo.retrm@hpcl.in,,,
,Jabalpur Retail RO,"HPCL, Jabalpur Retail RO, 74 - 75 Gol Bazar, Shaheed Smarak, Near Gangotri Apartment, Jabalpur , Madhya Pradesh - 482002",-2481072,-8591931870,jaba.retrm@hpcl.in,,,
,Aurangabad Retail RO,"HPCL, Aurangabad Retail RO, Plot No. 39, Sector-G, Town Centre, CIDCO, Aurangabad, Maharashtra - 431003",-2485075,-9594723770,aura.retrm@hpcl.in,,,
,Mumbai Retail RO,"HPCL, Mumbai Retail RO, 3/4, Jn. of S.V. Rd and Turner Rd Bandra (West) Mumbai, Maharashtra - 400050",-26403886,-9594723820,mum.retrm@hpcl.in,,,
,Nagpur Retail RO,"HPCL, Nagpur Retail RO, Post Box No. 8, 2nd Floor, Oriental Building, S.V. Patel Marg, Nagpur, Maharashtra - 440001",-2528429,-9594723830,nagp.retrm@hpcl.in,,,
,Nasik Retail R.O.,"Nasik Retail Regional Office, HPCL, 1st Floor, BSNL CTTC, Plot No. 45-47, MIDC Satpur, Nashik, Maharashtra - 422002",-2363283,-9594723840,nsik.retrm@hpcl.in,,,
,Pune Retail RO,"HPCL, Pune Retail RO, P.B.No. 90, 3 C, Dr. Ambedkar Road, Camp, Pune, Maharashtra - 411001",-26212929,-9594723850,pune.retrm@hpcl.in,,,
,Sholapur Retail RO,"HPCL, Sholapur Retail RO, Near Pakni Railway Station, Pakni, Solapur, Maharashtra - 413242",-7507234714,-9702092870,slpr.retrm@hpcl.in,,,
,Vashi Retail RO,"HPCL, Vashi Retail RO, D-500, TTC Industrial Area, MIDC Turbhe, Navi Mumbai, Maharashtra - 400703",-27620162,-9594723860,vashi.retrm@hpcl.in,,,
,Guwahati Retail RO,"HPCL, Guwahati Retail RO, H.D Complex, 2nd Floor, Janpath, Ulubari, Kamrup, Guwahati, Assam - 781007",-33812770,-8591943050,guwa.retrm@hpcl.in,,,
,Raipur Retail RO,"HPCL, Raipur Retail RO, 4th Floor, LIC Investment Building, Phase II, Opposite EPF Office, Pandri, Raipur, Chhattisgarh - 492004",-2226131,-8591200308,rpr.retrm@hpcl.in,,,
,Bilaspur Retail RO,"HPCL, Bilaspur Retail Regional Office, 1st Floor, Bajpai Pavilion, Vyapar Vihar Road, Bilaspur, Chhattisgarh - 495001",-21685,-9321270286,blsp.retrm@hpcl.in,,,
,Ranchi Retail RO,"HPCL, Ranchi Retail RO, 5th Floor, Maru Tower, Kanke Road, Ranchi, Jharkhand - 834008",-223805,-9321276208,ranc.retrm@hpcl.in,,,
,Bhubaneshwar Retail RO,"HPCL, Bhubaneshwar Retail RO, Alok Bharati Building, 5th Floor, Shaheed Nagar, Khordha, Bhubaneswar, Odisha - 751007",-2377584,-8356851630,bbnr.retrm@hpcl.in,,,
,Sambalpur Retail RO,"HPCL, Sambalpur Retail RO, 2nd Floor, BALAJI BUSINESS CENTER, Main Road, BUDHARAJA, SAMBALPUR, Odisha - 768004",-6450573,-8356844590,samb.retrm@hpcl.in,,,
,Durgapur Retail RO,"HPCL, Durgapur Retail RO, NH-2, Rajbandh Chatti, Rajbandh, Durgapur, Bardhaman, West Bengal - 713212",-2521162,-8356844820,drgp.retrm@hpcl.in,,,
,Kolkata Retail RO,"HPCL, Kolkata Retail RO, 6, Church Lane , 2nd Floor, Kolkata, West Bengal - 700001",-22542084,-8356844910,kolk.retrm@hpcl.in,,,
,Siliguri Retail RO,"HPCL Siliguri Retail RO, 2nd Floor, Homeland Building, Siliguri, West Bengal - 734008",-2950571,-8356844880,silg.retrm@hpcl.in,,,
,Cochin Retail RO,"HPCL, Kochi Retail RO, Cochin, P.O. Box 1601, Ernakulam North P.O., Cochin, Ernakulam, Cochin, Kerala - 682018",-2315715,-8655436460,coch.retrm@hpcl.in,,,
,Kozhikode Retail RO,"HPCL, Kozhikode Retail RO, West Hill Chungam, Kozhikode - 673005",-2886605,-8655436520,kozh.retrm@hpcl.in,,,
,Chennai Retail RO,"HPCL, Chennai Retail RO, PETRO BHAVAN, 2nd Floor, New No. 82, Old No. 47, TTK Road, ALWARPET, Chennai, Tamil Nadu - 600018",-24999454,-9702092930,chen.retrm@hpcl.in,,,
,Coimbatore Retail RO,"HPCL, Coimbatore Retail RO, Big Bazaar Street, Coimbatore, Tamil Nadu - 641001",-2307790,-9702092940,coim.retrm@hpcl.in,,,
,Madurai Retail RO,"HPCL, Madurai Retail RO, 1st Floor, BSNL CMTS Bhavan, 70 Feet Road, Ellis Nagar, Madurai, Tamil Nadu - 625016",-2303162,-9594723800,madu.retrm@hpcl.in,,,
,Salem Retail RO,"HPCL, Salem Retail Regional Office, G K Towers, Level 4. Door No. 395/2, First Main Road, New Fairlands, Salem, Tamil Nadu - 636016",-9737,-9414000580,salem.retrm@hpcl.in,,,
,Trichy Retail RO,"HPCL, Trichy Retail RO, MDSR Enclave, 2nd Floor, No. 90, Bharatidasan Salai, Cantonment, Tiruchirappalli, Trichy, Tamil Nadu - 620001",-2401523,-9702092971,tric.retrm@hpcl.in,,,
,Begusarai Retail RO,"HPCL, Raghunath Palace, 2nd Floor, Near Har Har Mahadev Chowk, Begusarai, Bihar - 851101",-233453,-8591931856,begu.retrm@hpcl.in,,,
,Patna Retail RO,"HPCL, Patna Retail RO, Post Box No. 40, Lok Nayak Bhawan, 6th Floor, Dak Bunglow Crossing, Dak Bunglow Road, Patna, Bihar - 800001",-2233963,-8591911519,patna.retrm@hpcl.in,,,
,Agra Retail RO,"HPCL, Agra Retail RO, 85/4, ISPAT Bhavan, Sanjay Place, Agra, Uttar Pradesh - 282002",-203561,-8655436620,agra.retrm@hpcl.in,,,
,Gorakhpur Retail RO,"HPCL, Ground Floor, Prashant Tower, Mahewa Chungi, Transport Nagar, Gorakhpur, UP - 273016",-221956,-8655436360,gkp.retrm@hpcl.in,,,
,Kanpur Retail RO,"HPCL, Kanpur Retail RO, Ground Floor, 88-A, Gowardhan Purwa, Saket Nagar, Hamirpur Road, Kanpur Nagar, Kanpur, Uttar Pradesh - 208014",-2296976,-8655436330,kanp.retrm@hpcl.in,,,
,Lucknow Retail RO,"HPCL, Lucknow Retail RO, Plot No. 1, Nehru Enclave, Gomti Nagar, Lucknow, Uttar Pradesh - 226010",-2310012,-8655436540,lko.retrm@hpcl.in,,,
,Meerut Retail RO,"HPCL, Meerut Retail RO, 495/1, 2nd Floor, R.P.G. Tower, University Road, Mangal Pandey Nagar, Meerut, Uttar Pradesh - 250004",-23936,-8655438120,meer.retrm@hpcl.in,,,
,Varanasi Retail RO,"HPCL, Varanasi Retail Regional Office, 2nd Floor, North Square Bldg, Shastri Nagar, Sigra, Varanasi, Uttar Pradesh - 221002",-2221487,-8655436450,vara.retrm@hpcl.in,,,
,Dehradun Retail RO,"HPCL, 1, Neshvilla Road, Dehradun, Uttarakhand - 248001",-2715774,-8655436390,dehr.retrm@hpcl.in,,,
,Ahmedabad Retail RO,"HPCL, Ahmedabad Retail RO, Petroleum House, Behind Memnagar Fire Station, Navrangpura - P.B. 4032, Ahmedabad, Gujarat - 380009",-27915038,-9594820630,amd.retrm@hpcl.in,,,
,Rajkot Retail RO,"HPCL, Rajkot Retail RO, C/o. HP Auto Centre, 1st Floor, University Road, Rajkot, Gujarat - 360005",-2579215,-9594820650,rajk.retrm@hpcl.in,,,
,Vadodara Retail RO,"HPCL, Vadodara Retail RO, COCO, 1st Floor, Water Tank Road, Ambalal Park, Karelibaug, Vadodara, Gujarat - 390018",-2860620,-9594820640,baro.retrm@hpcl.in,,,
,Jaipur Retail RO,"HPCL, Jaipur Retail RO, Tel Bhavan, Sahkar Marg, Jyoti Nagar, Jaipur, Rajasthan - 302005",-2745051,-9873918590,jaip.retrm@hpcl.in,,,
,Jodhpur Retail RO,"HPCL, Jodhpur Retail RO, Diesel Shed Road, Bhagat ki Kothi, Jodhpur, Rajasthan - 342005",-2747380,-8655436100,jodh.retrm@hpcl.in,,,
,Kota Retail RO,"3-A-5, Rangbari Main Road, Talwamdi, Rajasthan, Gumanpura, Kota, Rajasthan - 324005",-2425064,-8655436230,kota.retrm@hpcl.in,,,
,Udaipur Retail RO,"Udaipur Retail Region, Hindustan Petroleum Corporation Ltd, 3rd Floor, Natraj Tower, Near Rajasthan Hospital, Sector-14, Goverdhan Villas, Hiran Magri, Udaipur, Rajasthan � 313001",-203,-8655436470,udaipur.retrm@hpcl.in,,,
,Gwalior Retail RO,"HPCL, Gwalior Retail RO, Rairu Barua PO, RAIRU, Gwalior, Madhya Pradesh - 474005",-8606075220,-9321710106,gwal.retrm@hpcl.in,,,
,,,,,,,,
,,,,,,,,
HPCL - CPIO - Zonal Offices,,,,,,,,
ZONAL OFFICE,SBU / Function / Department,Name,Designation,Location,Mobile No.,Office - Telephone No. as per Portal,E-Mail,Office Address
NORTH ZONE,RETAIL (PETROL PUMPS),JAIN AVINASH,CHIEF GENERAL MANAGER - RETAIL,"RETAIL SBU, NZ",9720000564,011-22010601,avijain@hpcl.in,"HINDUSTAN PETROLEUM CORPORATION LIMITED, NORTH ZONE, 8TH FLOOR , CORE-II, SCOPE MINAR , LAXMI NAGAR, NEW DELHI - 110092"
NORTH ZONE,LPG (HP GAS),VILAS MANI CHANDRA,GENERAL MANAGER (I/C) - LPG,"LPG SBU, NZ",9456816230,011-22010610,vmchandra@hpcl.in,"HINDUSTAN PETROLEUM CORPORATION LIMITED, NORTH ZONE, 8TH FLOOR , CORE-II, SCOPE MINAR , LAXMI NAGAR, NEW DELHI - 110092"
NORTH ZONE,OPERATION & DISTN.,RANJAN KUMAR LAL,GENERAL MANAGER - OPERATIONS AND DISTRIBUTION,"OPERATIONS AND DISTRIBUTION, NZ",9340251689,0-9340251689,rlal@hpcl.in,"HINDUSTAN PETROLEUM CORPORATION LIMITED, NORTH ZONE, 6TH FLOOR , CORE-II, SCOPE MINAR , LAXMI NAGAR, NEW DELHI - 110092"
NORTH ZONE,HR,SHIVARTI GOEL,HEAD - HUMAN RESOURCES,"HR DEPARTMENT, NZ",9891677757,011-22013937,shivartigoel@hpcl.in,"HINDUSTAN PETROLEUM CORPORATION LIMITED, NORTH ZONE, 6TH FLOOR , CORE-II, SCOPE MINAR , LAXMI NAGAR, NEW DELHI - 110092"
NORTH CENTRAL ZONE,RETAIL (PETROL PUMPS),RAJESH T,CHIEF GENERAL MANAGER - RETAIL,"RETAIL SBU, NCZ",7720007747,0522-2722311,rajeshtr@hpcl.in,"HINDUSTAN PETROLEUM CORPORATION LIMITED, TC-13 V/V, VIBHUTI KHAND, GOMTI NAGAR, LUCKNOW - 226010"
NORTH CENTRAL ZONE,LPG (HP GAS),RAJ KUMAR,GENERAL MANAGER (I/C) - LPG,"LPG SBU, NCZ",8607709777,0522-2307759,rajkumar@hpcl.in,"HINDUSTAN PETROLEUM CORPORATION LIMITED, TC-13 V/V, VIBHUTI KHAND, GOMTI NAGAR, LUCKNOW - 226010"
NORTH CENTRAL ZONE,OPERATION & DISTN.,RANJAN DASTIDAR,GENERAL MANAGER - OPERATIONS AND DISTRIBUTION,"OPERATIONS AND DISTRIBUTION, NCZ",9800286639,0522-2722317,dastidar@hpcl.in,"HINDUSTAN PETROLEUM CORPORATION LIMITED, TC-13 V/V, VIBHUTI KHAND, GOMTI NAGAR, LUCKNOW - 226010"
NORTH CENTRAL ZONE,HR,MADHUKAR KAITHA,HEAD - HUMAN RESOURCES,"HR DEPARTMENT, NCZ",8451811139,0522-2723311,madhukarkaitha@hpcl.in,"HINDUSTAN PETROLEUM CORPORATION LIMITED, TC-13 V/V, VIBHUTI KHAND, GOMTI NAGAR, LUCKNOW - 226010"
NORTH WEST ZONE,RETAIL (PETROL PUMPS),SUBHENDU MOHANTY,CHIEF GENERAL MANAGER - RETAIL,"RETAIL SBU, NWZ",8558880126,079-26484001,smohanty@hpcl.in,"HINDUSTAN PETROLEUM CORPORATION LIMITED, NORTH WEST ZONE- RETAIL, ALFA BAZAAR, 1ST FLOOR, HIGH STREET -1, LAW GARDEN, AHMEDABAD - 380006"
NORTH WEST ZONE,LPG (HP GAS),SRINIVASRAO NALLI,CHIEF GENERAL MANAGER - LPG,"LPG SBU, NWZ",9440259519,079-26484002,snalli@hpcl.in,"HINDUSTAN PETROLEUM CORPORATION LIMITED, NORTH WEST ZONE-LPG, NO. 1, ALFA BAZAR, OPP. THAKORJIBHAI DESAI ROAD, HIGH STREET-1, LAW GARDEN, AHMEDABAD - 380006"
NORTH WEST ZONE,OPERATION & DISTN.,RAJ KUMAR,GENERAL MANAGER - OPERATIONS AND DISTRIBUTION,"OPERATIONS AND DISTRIBUTION, NWZ",9899460598,079-40009498,kumarraj@hpcl.in,"HINDUSTAN PETROLEUM CORPORATION LIMITED, NORTH WEST ZONE, 1ST FLOOR, ALFA BAZAR, OPP. THAKORJIBHAI DESAI ROAD, HIGH STREET-1, LAW GARDEN, AHMEDABAD - 380006"
NORTH WEST ZONE,HR,VEMPATY PRABHAKAR,HEAD - HUMAN RESOURCES,"HR DEPARTMENT, NWZ",9819959920,079-26484033,prabhakar@hpcl.in,"HINDUSTAN PETROLEUM CORPORATION LIMITED, 1ST FLOOR, ALPHA BAZAAR, HIGH STREET 1, LAW GARDEN , OPP THAKORBHAI DESAI HALL, AHMEDABAD - 380006"
WEST ZONE,RETAIL (PETROL PUMPS),MOHIT DHAWAN,CHIEF GENERAL MANAGER - RETAIL,"RETAIL SBU, WZ",9702093007,022-24068506,wz.ret.head@hpcl.in,"HINDUSTAN PETROLEUM CORPORATION LTD, WEST ZONE, 5TH FLOOR, PRIYADARSHNI BLDG, SION TROMBAY ROAD, SION, MUMBAI - 400022"
WEST ZONE,LPG (HP GAS),V S CHAKRAVARTHI,CHIEF GENERAL MANAGER - LPG,"LPG SBU, WZ",9167787998,022-28822110,vschakravarthi@hpcl.in,"HINDUSTAN PETROLEUM CORPORATION LIMITED, 6TH FLOOR C WING, PRIYADARSHINI BUILDING, EASTERN EXPRESS WAY, SION, MUMBAI - 400022"
WEST ZONE,OPERATION & DISTN.,SATISH GANPAT PATANKAR,GENERAL MANAGER - OPERATIONS AND DISTRIBUTION,"OPERATIONS AND DISTRIBUTION, WZ",9423889346,022-24068505,satishg@hpcl.in,"HINDUSTAN PETROLEUM CORPORATION LTD, WEST ZONE, 5TH FLOOR, PRIYADARSHNI BLDG, SION TROMBAY ROAD, SION, MUMBAI - 400022"
WEST ZONE,HR,ANURAG CHOURASIA,HEAD - HUMAN RESOURCES,"HR DEPARTMENT, WZ",7506064952,022-22068401,anuragchourasia@hpcl.in,"CGM OFFICE, HINDUSTAN PETROLEUM CORPORATION LTD, WEST ZONE, 4TH FLOOR, PRIYADARSHINI BLDG, EASTERN EXPRESS HIGHWAY,SION, MUMBAI - 400022"
EAST ZONE,RETAIL (PETROL PUMPS),VIJAY KUMAR PATEL,GENERAL MANAGER (I/C) - RETAIL,"RETAIL SBU, EZ",9771478200,033-66095101,vkpatel@hpcl.in,"HINDUSTAN PETROLEUM CORPORATION LTD, EAST ZONE- RETAIL, PURVANCHAL BHAWAN, 771, ANANDAPUR, OFF EM BYPASS, KOLKATA - 700107"
EAST ZONE,LPG (HP GAS),SUSHIL KUMAR RAI,GENERAL MANAGER (I/C) - LPG,"LPG SBU, EZ",8427756273,033-66095102,skrai@hpcl.in,"HINDUSTAN PETROLEUM CORPORATION LTD, EAST ZONE- LPG, 2ND FLOOR, PURVANCHAL BHAWAN, 771, ANANDAPUR, OFF EM BYPASS, KOLKATA - 700107"
EAST ZONE,OPERATION & DISTN.,KAUSHIK ROY CHOWDHURY,General Manager (I/C) - O&D,"OPERATIONS AND DISTRIBUTION, EZ",9840774918,033-66095105,kaushik@hpcl.in,"HINDUSTAN PETROLEUM CORPORATION LTD, CGMO_EZ, PURBANCHAL BHAWAN, 771, ANANDAPUR, OFF- E.M.BYPASS, KOLKATA - 700107"
EAST ZONE,HR,MILAN NAG,HEAD - HUMAN RESOURCES,"HR DEPARTMENT, EZ",8886714000,033-66095161,milannag@hpcl.in,"HINDUSTAN PETROLEUM CORPORATION LTD, EAST ZONE, PURBANCHAL BHAVAN, 771, ANANDAPUR, KOLKATA - 700107"
SOUTH CENTRAL ZONE,RETAIL (PETROL PUMPS),BENNY C THOMAS,CHIEF GENERAL MANAGER - RETAIL,"RETAIL SBU, SCZ",7598342141,040-66908050,ctbenny@hpcl.in,"HINDUSTAN PETROLEUM CORPORATION LTD., SOUTH CENTRAL ZONE, 5-9-58/B, FATEH MAIDAN ROAD, 7TH FLOOR, PARISHRAM BHAVAN, BASHIRBAGH, HYDERABAD - 500004"
SOUTH CENTRAL ZONE,LPG (HP GAS),MAHESH RAM,GENERAL MANAGER (I/C) - LPG,"LPG SBU, SCZ",9011023000,0891-2716703,mram@hpcl.in,"HINDUSTAN PETROLEUM CORPORATION, SOUTH CENTRAL ZONE- LPG, LIC JEEVAN SAMRIDHI, 3RD FLOOR, THIKKANA ROAD, VISAKHAPATNAM - 530 004"
SOUTH CENTRAL ZONE,OPERATION & DISTN.,B SRINIVASA GOPALA KRISHNA,GENERAL MANAGER - OPERATIONS AND DISTRIBUTION,"OPERATIONS AND DISTRIBUTION,SCRZ",9820177463,040-23251614,bhsgk@hpcl.in,"HINDUSTAN PETROLEUM CORPORATION LTD., 5-9-58/B, FATEH MAIDAN ROAD, 7TH FLOOR, PARISHRAM BHAVAN, BASHIRBAGH, HYDERABAD - 500004"
SOUTH CENTRAL ZONE,HR (SCZ),SRINIVAS NANDURI,HEAD - HUMAN RESOURCES,"HR DEPARTMENT, SCZ",8879333469,040-40021671,nandurisrinivas@hpcl.in,"HINDUSTAN PETROLEUM CORPORATION LTD., 5-9-58/B, FATEH MAIDAN ROAD, 7TH FLOOR, PARISHRAM BHAVAN, BASHIRBAGH, HYDERABAD - 500004"
SOUTH ZONE,RETAIL (PETROL PUMPS),SANJAY MATHUR,CHIEF GENERAL MANAGER - RETAIL,"RETAIL SBU, SZ",8527544100,044-28552711,sanjaym@hpcl.in,"HINDUSTAN PETROLEUM CORPORATION LTD, THALAMUTHU NATARAJAN BUILDING, 4 TH FLOOR, 1, GANDHI IRWIN RO, EGMORE, CHENNAI 600008."
SOUTH ZONE,LPG (HP GAS),DHARMENDRA KUMAR BEHURA,GENERAL MANAGER (I/C)- LPG,"LPG SBU, SZ",9479632999,044-28882110,dbehura@hpcl.in,"CH. GEN. MANAGER, HINDUSTAN PETROLEUM CORPORATION LTD, THALAMUTHU NATARAJAN BUILDING, 4 TH FLOOR, 1, GANDHI IRWIN RO, EGMORE, CHENNAI 600008."
SOUTH ZONE,OPERATION & DISTN.,G RAMADOSS,GENERAL MANAGER - OPERATIONS AND DISTRIBUTION,"OPERATIONS AND DISTRIBUTION, SZ",9444406186,044-28882131,ramadoss@hpcl.in,"4TH FLOOR, CGMO, HINDUSTAN PETROLEUM CORPORATION LTD, THALAMUTHU NATARAJAN BUILDING, 4 TH FLOOR, 1, GANDHI IRWIN RO, EGMORE, CHENNAI 600008."
SOUTH ZONE,HR,NATARAJAN R,HEAD - HUMAN RESOURCES,"HR DEPARTMENT, SZ",9940684568,044-28882104,natrajr@hpcl.in,"CGMO SOUTH ZONE, HINDUSTAN PETROLEUM CORPORATION LTD, THALAMUTHU NATARAJAN BUILDING, 1, GANDHI IRWIN RO, EGMORE, CHENNAI 600008."
SOUTH WEST ZONE,RETAIL (PETROL PUMPS),M SANDEEP REDDY,GENERAL MANAGER (I/C) - RETAIL,"RETAIL SBU, SWZ",9652161667,9652161667,msreddy@hpcl.in,"HINDUSTAN PETROLEUM CORPORATION LTIMITED, SOUTH WESTERN ZONAL OFFICE, NO. 8/2, NEAR CAUVERY THEATRE, HPCL OFFICERS APARTMENT, SANKEY ROAD, SADASHIVA NAGAR, BANGALORE - 560003"
SOUTH WEST ZONE,OPERATION & DISTN.,NARAYANA RAO R,GENERAL MANAGER - OPERATIONS AND DISTRIBUTION,"OPERATIONS AND DISTRIBUTION, SWZ",8825420572,8825420572,rnrao@hpcl.in,"HINDUSTAN PETROLEUM CORPORATION LTIMITED, SOUTH WESTERN ZONAL OFFICE, NO. 8/2, NEAR CAUVERY THEATRE, HPCL OFFICERS APARTMENT, SANKEY ROAD, SADASHIVA NAGAR, BANGALORE - 560003"
SOUTH WEST ZONE,HR (SWZ),BALAKRISHNAN P,HEAD - HUMAN RESOURCES,"Retail SBU, SCZ",7708117700,0891-2866111,pbalakrispbalakrishnan@hpcl.in,"HINDUSTAN PETROLEUM CORPORATION, SOUTH CENTRAL ZONE- LPG, LIC JEEVAN SAMRIDHI, 3RD FLOOR, THIKKANA ROAD, VISAKHAPATNAM - 530 004"
NORTH FRONTIER ZONE (CHANDIGARH),RETAIL (PETROL PUMPS),BALAJI ANANDAN,GENERAL MANAGER (I/C) - RETAIL,"RETAIL SBU, NFZ",7358382150,7358382150,abalaji@hpcl.in,"HINDUSTAN PETROLEUM CORPORATION LIMITED, NORTH FRONTIER ZONE, TEL BHAWAN, PLOT NO 6A, MADHYA MARG, CHANDIGARH - 160019"
NORTH FRONTIER ZONE (CHANDIGARH),OPERATION & DISTN.,SANJAY NAGPAL,GENERAL MANAGER - OPERATIONS AND DISTRIBUTION,"OPERATIONS AND DISTRIBUTION, NFZ",7027213377,7027213377,sanjaynagpal@hpcl.in,"HINDUSTAN PETROLEUM CORPORATION LIMITED, NORTH FRONTIER ZONE, TEL BHAWAN, PLOT NO 6A, MADHYA MARG, CHANDIGARH - 160019"
CENTRAL ZONE,RETAIL (PETROL PUMPS),A S REDDY,CHIEF GENERAL MANAGER - RETAIL,"RETAIL SBU, CZ",9920802226,0755-2527950,asreddy@hpcl.in,"HINDUSTAN PETROLEUM CORPORATION LIMITED, CENTRAL RETAIL ZONAL OFFICE, GAUTAM NAGAR, GOVINDPURA POST, BHOPAL - 462023"
CENTRAL ZONE,OPERATION & DISTN.,PALASH ACHARJEE,DEPUTY GENERAL MANAGER (I/C) - OPERATIONS AND DISTRIBUTION,"OPERATIONS AND DISTRIBUTION, CZ",9039092181,9039092181,palasha@hpcl.in,"HINDUSTAN PETROLEUM CORPORATION LIMITED, CENTRAL ZONAL OFFICE, GAUTAM NAGAR, GOVINDPURA POST, BHOPAL - 462023"
EAST CENTRAL ZONE,RETAIL (PETROL PUMPS),C R VIJAYA KUMAR,CHIEF GENERAL MANAGER - RETAIL,"RETAIL SBU, ECZ",7572041364,0674-2377036,crvkumar@hpcl.in,"HINDUSTAN PETROLEUM CORPORATION LIMITED, EAST CENTRAL ZONE-RETAIL, ALOK BHARTI BUILDING, 5TH FLOOR, SAHEED NAGAR, BHUBANESWAR - 751006,"
EAST CENTRAL ZONE,OPERATION & DISTN.,KHOKAN CHANDRA NANDI,GENERAL MANAGER - OPERATIONS AND DISTRIBUTION,"OPERATIONS AND DISTRIBUTION, ECZ",9650544009,9650544009,kcnandi@hpcl.in,"HINDUSTAN PETROLEUM CORPORATION LIMITED, EAST CENTRAL ZONE, ALOK BHARTI BUILDING, 5TH FLOOR, SAHEED NAGAR, BHUBANESWAR - 751006,"
NORTH WEST FRONTIER ZONE,RETAIL (PETROL PUMPS),SATHEESH KUMAR K P,CHIEF GENERAL MANAGER - RETAIL,"RETAIL SBU, NWFZ",9930057470,9930057470,sathishk@hpcl.in,"HINDUSTAN PETROLEUM CORPORATION LIMITED, 18, MODEL TOWN, PRADHAN PATH, NEAR TRIMURTI APARTMENTS, MALVIYA NAGAR, JAIPUR - 302017"
NORTH WEST FRONTIER ZONE,OPERATION & DISTN.,KULDEEP SINGH TAKHI,GENERAL MANAGER - OPERATIONS AND DISTRIBUTION,"OPERATIONS AND DISTRIBUTION,NWFZ",9930936179,0-9930936179,kstakhi@hpcl.in,"HINDUSTAN PETROLEUM CORPORATION LIMITED, 18, MODEL TOWN, PRADHAN PATH, NEAR TRIMURTI APARTMENTS, MALVIYA NAGAR, JAIPUR - 302017"
