﻿First Name,First Name,Username,Device Type,Total Rides,Safe Driver,Sportive Driver,Quite Safe Driver,Reckless Driver,Quite Dangerous Driver,Dangerous Driver
A KARTHICK,A KARTHICK,**380,Android,288,174,3,58,6,42,5
ANANDA M,ANANDA M,**538,Android,1,0,0,0,0,1,0
BACKIRAJ,BACKIRAJ,**882,Android,4,3,0,0,0,0,1
BASAVARAJ,BASAVARAJ,**724,Android,7,6,0,0,0,1,0
BHARATHI,BHARATHI,**763,Android,11,11,0,0,0,0,0
BOJEGOWDE,BOJEGOWDE,**184,Android,7,7,0,0,0,0,0
BOOPATHY,BOOPATHY,**672,Android,51,48,0,1,0,2,0
DAVID SUNDAR RAJ,DAVID SUNDAR RAJ,**459,Android,71,65,1,1,0,3,1
EBENEZER,EBENEZER,**791,Android,202,144,4,19,5,14,16
ELANGOVAN,ELANGOVAN,**345,Android,6,6,0,0,0,0,0
F RUBAN,F RUBAN,**976,Android,2,1,0,0,0,1,0
G DHANUSH RAJ,G DHANUSH RAJ,**476,Ios,7,3,0,3,0,1,0
GANDHI,GANDHI,**880,Android,2,2,0,0,0,0,0
HARISH,HARISH,**471,Android,26,25,0,0,1,0,0
JOHN SUNIL KUMAR A,JOHN SUNIL KUMAR A,**981,Android,65,46,3,8,1,6,1
K PREMKUMAR,K PREMKUMAR,**052,Android,60,37,0,15,1,6,1
KAMARAJ S,KAMARAJ S,**979,Android,30,29,0,0,0,1,0
KESAVAN,KESAVAN,**795,Android,9,8,1,0,0,0,0
KIRAN,KIRAN,**910,Android,332,254,5,38,1,30,4
KUBENDRAN M,KUBENDRAN M,**313,Android,16,13,0,2,0,1,0
KUMAR,KUMAR,**794,Android,27,23,1,1,0,1,1
M ASHOK KUMAR,M ASHOK KUMAR,**278,Android,103,92,0,2,0,6,3
MADIVALAYYA,MADIVALAYYA,**225,Android,137,94,0,17,1,21,4
MAHENDRAN,MAHENDRAN,**617,Android,2,2,0,0,0,0,0
MANIKANDAN,MANIKANDAN,**309,Android,7,4,0,1,0,2,0
MANJUNATH,MANJUNATH,**592,Android,30,14,0,8,0,6,2
MANJUNATHA,,,,,,,,,,
N NAVEENKUMAR,N NAVEENKUMAR,**351,Android,11,7,0,2,0,2,0
NARAYAN V,NARAYAN V,**139,Android,4,2,0,0,0,0,2
P ANNADURAI,P ANNADURAI,**372,Android,80,66,1,11,0,2,0
PRABHAU,PRABHAU,**285,Android,32,17,3,4,1,6,1
PRASHANTH KUMAR S,PRASHANTH KUMAR S,**154,Android,54,32,1,17,0,3,1
RAJAPPA,RAJAPPA,**631,Android,6,6,0,0,0,0,0
RAJESH P,RAJESH P,**101,Android,1,1,0,0,0,0,0
RAJKUMAR,RAJKUMAR,**167,Ios,3,3,0,0,0,0,0
RAKESH M,RAKESH M,**268,Android,2,2,0,0,0,0,0
RAVI R K,RAVI R K,**949,Android,46,40,1,4,0,1,0
S KAMALAKANNAN,S KAMALAKANNAN,**516,Android,204,186,2,12,1,3,0
S KANNAN,S KANNAN,**601,Android,5,1,1,1,0,1,1
S RAJASEKAR,S RAJASEKAR,**846,Android,9,8,0,0,0,1,0
S SARAVANAN,S SARAVANAN,**875,Android,50,15,2,7,1,11,14
SAKTHIVEL M,SAKTHIVEL M,**851,Android,15,12,0,0,0,2,1
SANTHOSH,SANTHOSH,**372,Android,158,133,2,13,0,8,2
SATHYARAJ,SATHYARAJ,**066,Android,12,11,0,0,0,1,0
SATISH KUMAR,SATISH KUMAR,**195,Android,6,6,0,0,0,0,0
SEETHARAMAN,SEETHARAMAN,**991,Android,334,272,3,31,3,23,2
SELVARAJ T,SELVARAJ T,**898,Android,5,4,0,0,0,1,0
SHIVA KUMAR B S,SHIVA KUMAR B S,**589,Android,241,204,1,19,2,13,2
SHIVARAJ C,SHIVARAJ C,**761,Android,81,67,0,9,0,4,1
SIVACHANDRAN,SIVACHANDRAN,**977,Android,6,2,0,1,0,1,2
SREEKANTA,SREEKANTA,**749,Android,77,51,2,6,2,11,5
SUDEEP I S,SUDEEP I S,**722,Android,6,5,0,0,1,0,0
SUNDARESH H P,SUNDARESH H P,**506,Android,244,200,4,28,1,11,0
SURESH G,SURESH G,**242,Android,6,6,0,0,0,0,0
SURESH R,SURESH R,**488,Android,2,2,0,0,0,0,0
SWAMY,SWAMY,**196,Android,5,5,0,0,0,0,0
SWAMY,SWAMY,**007,Android,9,9,0,0,0,0,0
TAMILVASAN P,TAMILVASAN P,**612,Android,1,1,0,0,0,0,0
V GUNA,V GUNA,**557,Android,12,11,0,1,0,0,0
V VETRIVEL,V VETRIVEL,**979,Ios,6,5,0,0,0,0,1
VELMURUGAN,VELMURUGAN,**106,Android,3,1,0,0,0,0,2
VENKATESAN,VENKATESAN,**247,Android,1,1,0,0,0,0,0
,,**826,Android,44,42,0,1,0,1,0
