﻿"First Name","Username","Device Type","Total Rides","Safe Driver","Sportive Driver","Quite Safe Driver","Reckless Driver","Quite Dangerous Driver","Dangerous Driver"
"P GOWRESE","**756","Android","2","2","0","0","0","0","0"
"VRKN NAGGESWARA RAO","**499","Android","5","5","0","0","0","0","0"
"KRISHNARAO GOMPA","**690","Android","2","2","0","0","0","0","0"
"SURYA PAVAN KUMAR VEDULA","**281","Android","3","3","0","0","0","0","0"
"A SANTHOSH","**711","Android","9","9","0","0","0","0","0"
"A RAMA RAJU","**179","Android","18","18","0","0","0","0","0"
"CH CHANDRA SEKHAR","**208","Android","7","7","0","0","0","0","0"
"N DEEPU","**592","Android","2","2","0","0","0","0","0"
"LAXMAN SAI","**241","Android","30","30","0","0","0","0","0"
"V MANI KANTA","**475","Android","1","1","0","0","0","0","0"
"SIMHACHALAM","**248","Android","25","25","0","0","0","0","0"
"A GOVINDA RAO","**034","Android","2","2","0","0","0","0","0"
"L RAJ BHARATH","**441","Android","2","2","0","0","0","0","0"
"G TIRUPATHI RAO","**763","Android","5","5","0","0","0","0","0"
"PRASAD","**023","Android","12","12","0","0","0","0","0"
"VIJAY","**132","Android","4","4","0","0","0","0","0"
"A SATYANARAYANA","**793","Android","56","56","0","0","0","0","0"
"SURESH","**850","Android","2","2","0","0","0","0","0"
"A APPALARAJU","**067","Android","26","26","0","0","0","0","0"
"SARIKI RAMAKRISHNA","**573","Android","57","56","0","1","0","0","0"
"ABJITH","**940","Android","121","117","2","1","1","0","0"
"RAMARAJU","**179","Android","84","81","0","3","0","0","0"
"G BABJI","**124","Android","17","16","0","1","0","0","0"
"NILESH PATEL","**150","Android","127","116","0","6","1","4","0"
"RAGHU","**284","Android","20","18","0","0","0","0","2"
"MADHAVA RAO","**590","Android","252","221","3","5","3","9","11"
"RATTI JAYARAM","**270","Android","98","85","4","7","0","1","1"
"BYRI GAYATRI","**577","Android","60","52","1","3","0","3","1"
"ANIL KUMAR CHALUMURI","**840","Android","80","67","0","5","0","6","2"
"R CHINNA RAO","**755","Android","54","45","2","3","0","2","2"
"N SRINIVASA RAO","**523","Android","11","9","0","1","0","1","0"
"B CHANDRA SEKHAR","**666","Android","35","28","0","4","0","2","1"
"SIVA GANESH","**708","Android","5","4","0","0","0","1","0"
"DANESHWAR KUMAR","**705","Android","49","38","0","6","0","4","1"
"SADHU MURALIKRISHNA","**587","Android","17","13","0","0","0","4","0"
"SRINIVASU","**699","Android","8","6","0","2","0","0","0"
"K CHANDRA SEKHAR","**693","Android","8","6","0","2","0","0","0"
"REVATHI DEVI T","**820","Android","8","6","0","1","0","1","0"
"MAHENDRARAMNARESH YADAV","**397","Android","185","135","2","34","1","7","6"
"SUKUMAR KARMAKAR","**264","Ios","14","10","0","3","0","1","0"
"GANESH M","**681","Ios","30","21","0","4","0","4","1"
"AJIT KUMAR SAHU","**152","Ios","10","7","0","1","1","1","0"
"K RAJESWARA RAO","**848","Android","10","7","0","1","0","1","1"
"D VENKATA CHAITANYA","**535","Android","140","97","0","38","0","4","1"
"M VEERA VENKATA PRASAD","**595","Android","264","177","9","31","4","28","15"
"P V SANTHOSH","**327","Android","3","2","0","1","0","0","0"
"CH ANIL","**100","Android","6","4","0","1","0","0","1"
"Y SRINU","**324","Android","13","8","0","1","0","3","1"
"RAMESH","**586","Android","10","6","0","0","0","4","0"
"GOWRI SANKAR","**839","Android","13","7","0","1","0","5","0"
"A NAVEEN KUMAR","**709","Android","4","2","0","0","0","1","1"
"PRUDHVI NAMBURI ","**955","Android","2","1","0","0","0","0","1"
"SATHISHRAJ MOHANRAJ","**055","Ios","42","20","0","9","2","8","3"
"B VENKATA RAVI VARMA","**269","Android","1","0","0","0","0","1","0"
"SK N ANWAR","**119","Android","2","0","0","0","0","2","0"
"MIRTIPATI SATISH","**298","Android","1","0","0","0","0","0","1"